{"batch_size": {"N": {"Train": 0.1536494041078027, "Val": 1.8664202143288893, "Test": 0.15592341914384963}, "Y": {"Train": 0.1516521353808342, "Val": 0.15564844547046397, "Test": 0.15300458210445753}}, "weight_decay": {"N": {"Train": 0.15351094595256015, "Val": 0.1593390150840143, "Test": 0.15585865774405236}, "Y": {"Train": 0.15279640413680773, "Val": 0.1600548541299104, "Test": 0.1543988981950928}}, "momentum": {"N": {"Train": 0.15335816578245853, "Val": 0.18194129825675662, "Test": 0.1552478748985503}, "Y": {"Train": 0.15392904283033979, "Val": 0.15973269474139465, "Test": 0.15513400824563411}}, "num_hidden": {"N": {"Train": 0.15199454819257202, "Val": 0.18031602518075002, "Test": 0.1534211975615328}, "Y": {"Train": 0.15354674974337043, "Val": 0.16177861804511667, "Test": 0.15532973289767793}}, "dropout_rate": {"N": {"Train": 0.15447895662361336, "Val": 0.15999649310389202, "Test": 0.15596933210668937}, "Y": {"Train": 0.15185774485208164, "Val": 0.16781866594691097, "Test": 0.15408240842178944}}, "batch_normalisation": {"N": {"Train": 0.15266638491083329, "Val": 0.1633037810409578, "Test": 0.15492534018624723}, "Y": {"Train": 0.15367737024610523, "Val": 0.15956614446622971, "Test": 0.15599198272298992}}}