{"Best model": {"Time": 1341.1011898517609, "Train": {"accuracy": 0.79852, "f1_macro": 0.7981322086263145, "loss": 0.06202577137609438}, "Val": {"loss": 0.11547140890178301, "accuracy": 0.59682, "f1_macro": 0.5955182743029516}, "Test": {"accuracy": 0.6135, "f1_macro": 0.6121796117834594, "loss": 0.10947578141480316}}, "Without activations": {"Time": 1132.020213842392, "Train": {"accuracy": 0.4062, "f1_macro": 0.3983310712855261, "loss": 0.1727019966977199}, "Val": {"loss": 0.17484599509747395, "accuracy": 0.39632, "f1_macro": 0.392780101016865}, "Test": {"accuracy": 0.4022, "f1_macro": 0.3940397593278735, "loss": 0.17379099604669693}}, "With weight_decay=0.001": {"Time": 1281.790355682373, "Train": {"accuracy": 0.49822, "f1_macro": 0.4885262709170407, "loss": 0.1406223665088129}, "Val": {"loss": 0.14741712533013454, "accuracy": 0.47261999999999993, "f1_macro": 0.4654904841684425}, "Test": {"accuracy": 0.4936, "f1_macro": 0.48534885885843915, "loss": 0.14337192725240577}}, "Without momentum": {"Time": 1330.9563148021698, "Train": {"accuracy": 0.78786, "f1_macro": 0.7861524188388185, "loss": 0.06424650700612676}, "Val": {"loss": 0.1165731534891273, "accuracy": 0.59408, "f1_macro": 0.5918576852518107}, "Test": {"accuracy": 0.604, "f1_macro": 0.6005546988767173, "loss": 0.1106871675472487}}, "Without hidden layers": {"Time": 73.43092894554138, "Train": {"accuracy": 0.40354, "f1_macro": 0.4000968060375552, "loss": 0.1725461644078701}, "Val": {"loss": 0.17485223924552337, "accuracy": 0.39727999999999997, "f1_macro": 0.3903980240347378}, "Test": {"accuracy": 0.3971, "f1_macro": 0.39310031146965196, "loss": 0.17366076128072858}}, "Without dropout": {"Time": 1319.251991033554, "Train": {"accuracy": 0.99986, "f1_macro": 0.9998599974947991, "loss": 0.00011414433483404986}, "Val": {"loss": 0.36127398270330074, "accuracy": 0.5266200000000001, "f1_macro": 0.5263999131218768}, "Test": {"accuracy": 0.5393, "f1_macro": 0.5375966411457942, "loss": 0.35107138641950236}}, "Without batchnorm": {"Time": 3.1696527004241943, "Train": {"accuracy": 0.1, "f1_macro": 0.018181818165288594, "loss": NaN}, "Val": {"loss": NaN, "accuracy": 0.1, "f1_macro": 0.018181818165285947}, "Test": {"accuracy": 0.1, "f1_macro": 0.018181818165285947, "loss": NaN}}, "Batched 10 epochs": {"Time": 45.36680722236633, "Train": {"accuracy": 0.6079, "f1_macro": 0.607306605330881, "loss": 0.111102293415874}, "Val": {"loss": 0.12841140108614416, "accuracy": 0.5384, "f1_macro": 0.5349493075986219}, "Test": {"accuracy": 0.5531, "f1_macro": 0.5519573048046018, "loss": 0.12527768775828113}}, "SGD 10 epochs": {"Time": 1988.7412707805634, "Train": {"accuracy": 0.10148, "f1_macro": 0.028951547970659082, "loss": 1.8620268819719912}, "Val": {"loss": 1.8588769455638783, "accuracy": 0.10300000000000001, "f1_macro": 0.06078395402115179}, "Test": {"accuracy": 0.0998, "f1_macro": 0.026107231739109178, "loss": 1.8655083906320156}}}