{"num_examples": [5000, 10000, 15000, 20000, 25000, 30000, 35000, 40000, 45000, 50000], "train_losses": [0.0002707019401266621, 0.0036268316748654826, 0.01036655733468845, 0.020556330694390706, 0.02803737259865504, 0.03557300225968598, 0.041107505870755214, 0.04637463279547773, 0.0503816447607489, 0.054158579888314885], "cv_losses": [0.2638931701777077, 0.20050825175756432, 0.16836003655472034, 0.15130871441154745, 0.14011119951007248, 0.1325751103221851, 0.12568311641811478, 0.12240284139880023, 0.11873692814952883, 0.11608530493682227]}