{"num_examples": [5000, 10000, 15000, 20000, 25000, 30000, 35000, 40000, 45000, 50000], "train_losses": [0.20141746427522272, 0.18119031247765086, 0.17465065785204584, 0.16841060975567063, 0.16582082312546143, 0.16284733982277788, 0.16066203582518096, 0.15942667118088488, 0.1570070939038543, 0.15573782323328061], "cv_losses": [0.20991536018888426, 0.18609725412531697, 0.1787088576832052, 0.1731798828227093, 0.17061518495647113, 0.16675126365891574, 0.1646584417956612, 0.16333352877908097, 0.1608240375119269, 0.15973445665156577]}